class, class, class, class, class, class, class, class, class, class, class, class, class, class, class, class, class, class, class, class, class, class, class, class, class, class, class, class, class, class, class, class, class, class, class, class, class, class, class, class, class, class, class, class, class, class, class, class, class, class, class, class, class, class, class, class, class, class, class, class, class, class, class, class, class, class, class, class,
3.820307,3.028762,2.828255,4.259698,3.496378,3.258024,3.604885,3.636265,3.593924,3.679492,3.308598,2.843513,3.978636,4.039584,4.363878,3.449244,3.221290,3.756109,3.318396,3.280624,1.946924,2.839039,2.486873,2.848218,1.513335,2.759435,2.677094,1.812393,3.341355,3.310260,2.852745,2.415003,2.829975,3.442136,3.303571,2.850321,2.408412,3.057670,2.842646,3.269051,3.087423,3.081006,2.726352,2.735891,3.294068,3.194998,2.372722,2.574542,2.749672,3.651231,2.390972,3.006764,3.115298,2.604524,3.265164,3.048234,2.429404,3.055752,3.938193,3.335619,3.695981,3.440383,3.404901,3.303311,2.931361,3.037404,3.651467,3.078820,
3.564844,3.273346,3.075998,4.171486,3.648920,3.229162,3.290695,3.609000,3.848114,4.033549,3.785622,2.888912,4.158779,3.749953,4.061514,3.538021,3.652921,3.675519,2.857859,3.273833,1.954223,2.404072,2.639761,2.414688,1.951170,2.825103,1.896976,2.317536,3.099501,2.860583,3.269386,2.905459,3.295978,3.301735,2.769881,2.794712,3.574348,3.284086,3.167075,3.598016,2.857882,2.840573,2.809855,2.919557,2.857386,3.156038,2.597750,2.329550,2.690675,3.336638,2.690566,2.643906,3.335872,2.788735,3.310223,3.248089,2.894869,3.015859,3.847034,3.340772,3.336398,2.908382,2.976530,3.422161,3.406080,3.221386,3.532661,3.106654,
3.820916,3.306648,3.242607,5.059538,3.630425,3.555859,4.131452,3.999915,3.926445,3.893455,3.161886,3.097705,4.284806,4.188029,4.505225,3.514100,3.801305,3.615188,3.293922,2.438859,2.348862,2.848909,2.975303,2.862275,1.946333,2.623488,2.347565,2.576975,3.248303,3.298294,3.669785,2.727665,3.468019,3.397560,3.304805,3.212314,3.229673,3.569332,3.285639,3.609103,3.228363,3.092576,2.865522,3.205096,3.295343,3.438342,2.917238,2.852536,2.595992,3.853664,3.070459,3.362638,3.485729,3.089259,3.440808,3.540650,3.117256,3.412209,3.978578,3.705616,3.357245,3.627541,3.692583,3.957626,3.310275,3.612285,3.925693,3.258011,
3.791644,3.390048,3.666408,5.085233,4.097885,3.449179,3.880631,3.906887,4.155115,4.026604,3.158682,3.145841,4.041804,4.113062,4.325993,3.795399,4.094384,3.971738,2.942561,2.861031,2.842304,2.847384,3.289086,2.416529,3.283164,2.736036,2.676030,1.955864,2.852176,2.679025,3.425542,2.781358,3.479568,3.119578,3.329707,3.180802,3.023600,3.939404,3.441502,3.681692,3.189514,3.308132,3.182013,3.340955,3.244801,3.469144,3.113008,2.894754,2.651970,3.808909,3.117853,3.086854,3.607996,3.237796,3.198625,3.393832,2.891047,3.530735,3.836787,3.553489,3.331707,3.489984,3.522523,3.981623,2.811163,3.993870,4.466377,3.027922,
3.829004,3.462522,3.705583,4.859997,3.942440,3.494250,3.765677,3.956329,4.442296,3.600558,3.331225,3.267959,3.991670,4.016501,4.431656,3.335110,4.065411,3.564338,2.419692,2.414681,2.391789,2.851957,2.682229,3.293974,2.617761,2.855310,2.643893,3.291803,3.353510,2.937393,3.847197,2.948844,3.633425,3.190980,2.658759,3.394594,3.567286,3.753218,3.094921,3.664310,3.301498,2.586054,2.912662,3.318620,2.774405,3.000444,3.053891,2.940554,2.821472,3.715741,3.661216,2.796823,3.108111,3.132787,3.124610,3.354200,3.262000,2.934972,3.591243,3.464579,3.629589,3.648673,3.558410,3.445896,3.105658,3.523982,3.838999,3.723572,
3.590855,3.101492,3.205400,4.511646,3.790835,3.321839,3.590617,3.586648,3.995190,3.430911,3.285228,2.923450,3.982722,3.597511,4.349876,3.426938,3.658857,3.854947,2.859349,2.851449,2.087639,2.409354,2.365437,2.852561,1.945019,2.571315,2.427560,2.405483,3.107516,2.862262,3.200430,2.767956,3.314708,3.367382,2.832934,3.292799,2.978485,3.243408,2.908546,3.388083,3.036498,2.707502,3.011693,2.921053,2.860797,3.022311,2.598958,2.704598,2.842383,3.439469,2.900597,2.843572,3.270370,2.972371,3.063350,3.181828,3.167148,2.968902,3.700523,3.456676,3.601858,3.275800,3.356377,3.341066,3.089391,3.407313,3.622000,3.218532,
4.194329,3.802347,4.054144,4.878838,4.143725,3.706639,3.952029,4.266175,4.565304,3.916185,3.972013,3.420417,4.832682,4.236919,4.628723,4.113427,4.016621,4.538868,2.956826,3.292287,2.178940,3.292237,2.853878,2.856588,1.951274,3.300144,2.401042,2.399853,3.489721,3.098367,4.328746,3.323713,3.582916,3.873453,2.763672,3.225442,3.892826,3.939903,3.584614,3.924332,3.187984,2.852208,3.426103,3.209839,2.876716,4.038325,3.513169,2.741765,3.120501,3.677008,3.341984,3.603941,3.808346,3.163541,3.555122,3.801117,3.184216,3.407294,4.284995,3.720133,3.977973,3.718531,3.623754,3.746190,3.449246,3.786264,4.099537,3.609767,
3.923509,3.298029,3.379283,4.448906,3.902092,3.459956,3.674534,4.008880,3.897290,3.888590,3.626730,3.235939,3.833014,4.163644,4.648404,3.590025,4.147508,3.617325,2.989507,2.849542,2.278359,2.846460,2.841370,3.165595,1.947826,3.299418,2.400641,2.852589,3.359668,2.960936,3.759765,3.068562,3.266668,3.040726,2.700385,2.889265,3.492245,3.436184,3.233387,3.556056,2.938060,1.966867,3.032108,3.022399,2.852268,2.848498,2.935119,2.493208,2.945517,3.739311,3.298960,2.824804,3.252282,3.104434,3.049445,3.150615,3.158665,2.886158,3.590705,2.990372,3.616964,3.062932,3.372642,3.592330,3.490406,3.220713,3.033397,3.243507,
3.836708,3.681834,3.898674,5.179374,4.367023,3.913113,4.213363,4.425502,4.659294,4.087609,4.222262,3.303087,4.464286,4.451252,5.210890,3.830345,4.081639,4.282938,3.329237,3.305878,2.839342,2.779871,3.099918,3.307780,2.851240,3.142492,3.185511,3.197298,3.490458,3.845119,3.808363,3.217482,3.727513,3.596741,3.406423,3.856741,3.721468,3.697857,3.646166,3.944412,3.573221,3.393526,3.339376,3.296479,3.310987,3.324550,3.175170,3.290942,3.305907,4.143288,2.840005,2.938841,3.708153,3.260543,3.636192,3.613586,3.539051,3.416084,4.026004,3.716438,3.868495,3.905775,4.017819,4.156287,3.749191,4.095215,4.284182,4.023350,
3.262441,2.824918,2.749374,4.078217,3.340773,3.141078,3.279105,3.164494,3.431627,3.286292,3.246952,2.663018,3.578149,3.520979,4.015243,3.088384,3.250817,3.271678,2.853478,2.406467,1.501601,2.395066,2.271457,2.407534,2.086787,2.620931,1.939460,2.327466,2.864814,2.799147,3.003698,2.401947,2.937710,2.784316,2.384512,3.066755,2.746424,2.898323,2.955324,3.257114,2.515343,2.668867,2.522787,2.388051,2.834728,2.302672,2.627649,2.742414,2.269397,3.165548,2.651182,2.696101,2.831474,2.764219,2.770154,2.926022,2.709853,2.660804,3.316342,2.765142,2.868100,3.081358,3.052143,3.364145,2.735478,2.914762,3.071430,2.620965,
4.073295,3.452539,3.757655,4.934810,4.314316,3.073040,4.095973,4.107173,4.178962,4.074712,3.919140,3.153721,4.559283,4.130698,4.996209,3.956030,4.221688,4.553685,3.218397,3.313360,2.292470,3.036007,2.534861,2.749976,2.164363,3.174667,2.271935,2.514247,3.734878,3.315634,3.739727,3.083737,3.628261,3.705580,3.400191,3.286568,3.767762,3.817956,4.242538,3.791117,3.380772,3.300778,3.382852,2.695579,3.307385,3.376320,2.905829,2.717073,2.853250,4.124400,3.021813,3.160476,3.342104,3.388143,3.539404,3.877500,3.480369,3.415765,4.338310,3.719927,3.556468,3.424384,3.429035,3.682830,3.762890,3.596717,3.778588,3.361293,
3.952462,3.384715,3.441925,4.697438,4.148898,3.507395,3.681537,3.772996,4.758879,4.169358,4.046047,3.215790,4.522498,4.211261,4.445447,3.932600,3.980459,4.038841,2.865985,3.301852,2.110063,2.871126,2.889755,2.826891,2.194923,2.597484,2.005438,2.624367,3.352784,2.725862,3.936834,2.996274,3.693901,3.555912,2.981902,3.390838,3.537413,3.347322,3.038678,3.918508,2.918149,2.847265,3.083283,3.127760,2.898979,3.207491,3.139692,2.567256,2.963952,3.498497,3.198524,3.059045,3.698467,2.994769,3.662851,3.582800,3.067261,3.265234,4.226369,3.635589,3.838648,3.238079,3.581169,3.747905,3.300849,3.817023,3.992005,3.222084,
3.860760,3.449430,3.775695,5.057835,3.738452,3.882958,4.293252,4.042556,4.074443,3.913074,3.350349,3.353994,4.340510,4.101651,4.512998,3.944670,4.237237,3.799912,2.850317,2.425098,2.489856,3.287417,2.767935,2.848054,2.833092,3.107514,2.615107,2.706582,3.200644,2.854936,3.677367,3.030622,3.493934,3.313957,3.072693,3.187578,3.385404,3.755316,3.360540,3.757740,3.289417,2.816912,3.129614,3.500791,3.203250,3.262934,3.237656,2.858085,2.952052,3.630135,3.170787,2.859899,3.218380,3.274369,2.947878,3.487550,3.172399,3.201602,3.792200,3.401658,3.497964,3.656024,3.531253,3.814615,3.211576,3.551188,3.978384,3.582530,
4.404040,3.603604,3.399872,4.716558,4.049727,3.432479,3.723986,4.123403,4.298487,3.946282,3.538616,2.967962,4.076885,4.479524,4.724018,3.644697,3.985641,4.063003,3.297614,2.859672,2.393378,2.850832,3.107197,3.297030,1.500808,3.367783,2.543075,2.728389,3.487161,3.298046,4.258822,2.894600,3.751413,3.273343,2.906977,3.220394,3.937241,4.084894,3.624569,4.011274,3.050932,2.724570,3.160266,3.206688,2.878007,3.545095,3.078364,2.928974,2.698852,4.309498,3.431254,3.158871,3.701840,2.933734,3.616820,3.751703,3.237616,3.187997,4.000192,3.542758,3.866105,3.725657,3.831124,3.888509,3.863965,3.590654,3.794728,3.227077,
3.561623,2.904120,2.799470,4.037205,3.449820,3.416084,3.552455,3.541590,3.576230,3.511955,3.311671,2.967302,3.279545,3.931799,4.188413,3.135922,3.492431,3.582960,2.862540,2.849098,1.941429,1.961582,2.489866,3.285224,1.498098,2.766750,2.831096,2.558342,3.275567,3.291199,3.242267,2.681927,2.940696,3.229794,2.853161,2.842466,2.760255,3.244843,2.572507,3.237972,3.129174,2.097800,2.764533,2.683376,2.892809,2.624516,2.397127,2.246459,2.826329,3.515081,2.829023,2.627856,3.093524,2.630236,3.187786,3.059471,2.905288,2.650640,3.697690,3.213404,3.849415,3.341195,3.548723,3.529943,3.151683,3.184997,3.564169,3.437219,
4.504914,3.838942,3.741530,5.388468,4.213509,3.965942,4.371580,4.524346,4.532637,4.319480,3.606963,3.570682,4.673598,4.463242,5.134857,4.002812,4.608307,4.286395,3.311067,2.862709,2.391585,3.298154,2.982816,3.295637,1.503524,3.391398,2.569303,2.812748,3.834745,3.310126,4.281239,3.109656,3.969491,3.679833,3.064343,3.366128,3.964143,4.223158,3.597558,4.267499,3.491628,2.939139,3.410354,3.747670,3.225211,3.908841,3.158359,2.993905,3.133760,4.496829,3.725320,3.261397,3.776049,3.428703,3.815881,3.865220,3.563455,3.295920,4.426507,3.873786,4.048629,4.031002,4.125100,4.203279,3.941214,3.819279,4.131603,3.676627,
3.368502,2.898453,2.454361,3.691148,3.376571,3.484176,3.107231,3.059773,3.452614,3.389791,3.345866,2.895513,3.147739,4.071438,3.830106,3.345191,2.870667,3.235590,3.295948,2.853906,1.942523,1.520983,2.594336,2.848928,1.503828,2.978671,2.404584,2.180542,2.580392,3.289948,3.041780,2.825019,2.637107,3.466548,3.111232,2.400084,2.564850,3.217629,2.715522,3.234502,2.739232,2.553284,2.856670,2.589675,2.854152,3.069560,2.420498,2.318908,2.372807,3.119473,2.323423,2.687049,3.191101,2.481414,2.893337,2.949424,2.596953,2.544591,3.461748,2.864735,3.472669,3.498579,2.921854,3.116286,3.396326,2.747744,3.285551,2.980501,
4.026336,3.269151,3.662870,4.792825,3.369020,3.741733,4.397031,4.136836,4.309885,3.594672,3.026211,3.233792,4.419420,3.874261,4.379299,3.752775,3.952664,3.994371,3.275979,2.429556,2.833108,2.857949,2.486863,3.038594,1.956976,2.696813,2.302021,2.862262,3.351541,2.860792,3.990917,3.270629,3.565241,3.265302,2.958346,3.219570,3.483935,3.670549,3.260231,3.499423,3.394821,2.148251,3.172885,3.300535,3.290294,3.550262,3.378037,2.956700,3.284624,3.663339,3.278720,3.228514,3.604849,2.848317,3.078930,3.676619,3.379371,3.181659,3.454999,3.914478,3.747414,3.539784,3.510421,3.440079,3.785854,3.625110,3.778046,3.446075,
3.853163,3.202569,3.701920,4.688358,3.846058,3.777292,4.110400,3.999505,4.038903,3.773338,3.684225,3.114201,3.952210,4.185441,4.785080,3.727588,4.193158,4.207564,2.860559,2.420792,2.234073,2.849108,2.609345,3.111282,2.066223,3.197127,2.702859,2.737493,3.288049,3.297861,4.014808,3.026640,3.444887,3.251449,3.046655,3.425102,3.504788,3.796461,3.577807,3.991662,2.937794,2.443080,3.195382,3.129272,2.975336,2.923002,3.046425,2.968586,2.846232,4.182911,3.024069,2.747764,3.336619,2.925451,3.260162,3.614715,3.367179,3.077447,3.957853,3.157348,3.958972,3.738283,3.908102,4.117558,3.647668,3.768401,3.775084,3.529739,
3.590501,3.149441,3.838339,4.718401,4.210143,3.637047,3.656851,4.167280,3.869314,4.183475,3.897240,3.295317,4.479692,4.201015,4.585628,3.602203,4.215605,3.753785,1.989860,2.839985,1.500921,3.293129,2.454023,2.845780,1.970270,2.855093,2.421661,2.864328,3.519726,3.311333,3.856231,3.253135,3.292946,3.339831,2.789072,3.216588,3.811128,3.443515,3.297596,3.841641,2.903437,2.323797,3.089343,2.916065,2.886552,2.842031,2.830311,2.396990,2.701997,4.022137,3.264540,2.882416,3.091096,3.247901,3.269080,3.248773,2.992434,2.982154,4.144585,2.941512,3.821121,3.277258,3.653641,3.746116,3.079397,3.310142,3.633416,3.747493,
3.101393,2.847280,2.691784,3.708858,3.198905,2.716352,3.103924,3.094969,3.389586,3.257058,2.657912,2.823353,3.687906,3.342493,2.896993,3.154083,2.688382,3.311320,2.400778,2.839636,1.500922,1.954778,2.192323,2.169791,1.921579,2.096887,1.488877,1.501161,2.743043,2.452188,3.436900,2.597380,2.617415,2.838929,2.485595,2.348002,3.037079,3.141456,2.491033,2.845274,2.520500,2.265213,2.597081,2.198354,2.472917,3.258672,2.580255,1.800030,2.206835,2.619978,2.965334,3.062275,2.759824,2.244040,2.714553,3.120476,2.300731,2.555281,3.040035,2.938974,3.154949,2.715406,2.380102,2.507985,2.662881,2.491349,3.409893,2.747498,
4.027595,3.596730,3.693088,5.423401,4.146954,3.138627,3.973661,4.491604,4.169076,3.952392,3.559877,3.086575,4.637879,4.122902,4.701596,3.818936,3.791095,3.817464,3.445194,2.865651,2.440577,3.303796,2.600126,2.856142,2.247545,3.068405,2.208809,2.817216,3.592323,3.069088,3.730608,2.901942,3.472680,3.575058,3.155114,3.534903,3.533303,3.244060,3.673659,3.889062,3.197950,3.150787,3.227053,3.066793,3.112344,3.247974,3.212637,3.102004,2.624880,3.743468,3.220881,3.546615,3.390479,3.084433,3.347233,3.523614,3.438019,3.391990,3.801496,3.499164,3.374875,3.236555,3.520499,3.677988,3.515957,3.387971,3.394344,3.190345,
3.407894,3.236900,2.802754,4.346344,3.345793,3.704617,3.554904,3.759456,3.755148,3.703280,3.441910,3.221564,3.566083,4.060867,3.676300,3.288401,3.275449,3.035964,3.162869,2.847899,1.844100,1.511672,2.463595,2.653525,2.509030,2.871674,2.030917,2.582530,3.011217,2.854810,3.247066,2.893297,2.967982,3.205588,2.654515,2.822429,2.866345,3.346907,2.784751,3.687854,2.895767,2.686950,2.655736,3.029264,3.084441,2.913854,2.936197,2.817850,2.519015,3.048565,3.133248,2.774587,3.287981,2.557406,3.089882,3.202090,2.796601,2.691519,3.270752,3.100394,3.412364,3.417897,2.946240,3.404395,3.235239,2.873478,3.622371,3.029848,
3.532290,3.180472,3.268566,4.106278,3.652444,3.417505,3.623350,3.641420,3.751515,3.471369,3.341037,3.031235,3.835964,3.746213,3.848202,3.655274,3.596973,3.776854,2.853535,2.849542,1.769893,1.963044,2.422092,2.412507,1.500809,2.686734,2.110157,2.217661,2.993191,2.712392,3.412842,3.136437,3.293482,3.321336,2.701738,2.789158,3.445464,3.518447,3.317318,3.598599,2.739014,2.670684,3.019781,2.805528,2.759978,3.440463,2.954738,2.510094,2.683028,3.393103,2.902576,2.845679,3.576621,2.959500,3.146042,3.465701,3.015662,2.989546,3.734681,3.333840,3.611135,3.230781,3.147579,3.331940,3.576311,3.315687,3.618981,2.999618,
3.951606,3.593687,3.468421,5.060198,4.318086,4.001952,4.145274,4.014805,4.452201,4.199602,3.855412,3.600812,4.378859,4.609743,5.299102,3.998885,4.593675,3.836395,3.306691,2.865137,2.413584,3.238318,3.429459,3.110807,1.852961,2.999624,2.788613,3.277774,3.420809,3.394119,3.878214,3.205110,3.670181,3.572490,3.203455,3.224341,3.686518,3.455728,3.480247,3.828799,3.447206,2.782913,3.473380,3.163128,3.333523,3.300280,3.237740,2.838277,3.233148,4.163961,3.142468,3.260197,3.890784,3.897967,3.706421,3.423378,3.372903,3.350414,4.304804,3.517135,3.678266,3.611223,4.070425,4.185648,3.634951,3.917825,3.855426,3.291202,
3.969486,3.115649,2.957417,4.495931,3.754402,2.943542,3.669367,3.862136,3.730499,3.768960,3.232197,2.929537,3.780381,3.826889,4.201404,3.661342,3.215516,3.338846,3.350520,2.851462,2.377914,2.407911,2.445616,3.279828,1.509686,2.829486,2.246329,2.249818,3.299116,2.859432,3.474007,2.627603,3.306729,3.073353,3.018206,2.840978,2.862368,3.234881,2.983214,3.417296,2.852074,2.542965,2.936197,2.793021,2.916097,2.946453,2.686560,2.397377,2.411880,3.384222,3.175069,2.748647,3.048900,2.652194,3.177538,3.191956,2.966653,2.917763,3.598293,3.088593,3.368741,3.035991,3.193323,3.420934,3.468825,2.835383,2.987743,3.033624,
3.784784,3.138652,3.220354,4.296894,3.328762,3.036463,3.456895,4.262068,3.467700,4.005207,3.196782,2.635538,3.625090,4.084292,3.594839,3.390203,3.318631,3.522062,3.301157,3.286140,2.395201,2.845116,2.403483,2.423152,2.393867,3.297548,2.396369,2.402499,3.446060,2.918146,3.078944,2.746085,2.596092,2.986772,2.980666,2.707230,3.011609,3.316266,2.959720,3.476354,2.748343,2.605245,2.740786,3.185364,3.041498,2.940352,2.548970,2.606111,2.733757,3.474740,2.859760,2.792927,2.932775,1.955960,3.221423,3.308901,2.591986,2.617451,3.133368,3.029037,3.307506,3.033002,2.909732,2.984085,3.095769,2.607342,3.388274,2.773020,
3.764051,3.048904,3.102592,4.600113,3.743790,3.729945,3.887094,3.846338,3.766404,3.769399,3.684883,3.212579,4.007000,4.330229,4.060235,3.638906,3.415166,3.866268,3.223223,3.302293,1.507489,1.515796,2.244986,2.767907,1.989825,2.740654,2.108137,2.662761,3.579047,3.204103,3.424860,3.293014,3.182957,3.663020,3.078672,3.240143,3.157036,3.423202,3.058061,3.668311,3.258237,2.396320,2.937423,2.380182,3.511616,2.697869,3.015038,2.571980,2.677777,3.338957,3.147969,3.367203,3.601540,2.920700,3.160465,3.511159,3.031858,3.125586,3.714731,3.799154,4.121963,3.355495,3.421311,3.552583,3.411718,3.329942,3.915748,3.322150,
3.872634,2.976510,3.489155,4.620889,3.796969,2.895234,3.761528,3.926415,3.959795,3.801651,3.516591,3.170046,4.408438,3.795222,4.303966,3.836365,3.420815,4.057848,3.003279,3.293415,2.386688,2.842144,2.127800,2.414932,1.507916,2.773919,1.502867,2.266101,3.753304,2.667482,3.793505,2.980628,3.302409,3.439641,3.273379,2.972289,3.233276,3.366904,3.360650,3.618999,3.197132,2.545486,3.214407,2.406407,3.300254,3.097082,2.895045,2.388430,2.538103,3.727003,3.047160,3.154601,3.212599,2.816831,3.437033,3.344903,2.791116,3.104718,3.606756,3.671303,3.569483,3.076979,3.388954,3.286802,3.384181,3.299510,3.391101,2.868207,
3.284693,3.423088,3.390188,4.313297,3.478901,3.579917,3.732040,3.935101,3.640173,3.381217,3.670820,3.186871,4.111977,3.716403,4.129336,3.443236,3.497898,3.433219,2.853709,2.850841,1.941263,2.398569,2.393201,2.421166,1.503032,2.723694,2.138372,2.805881,3.340028,3.278916,3.640652,2.971575,3.111015,3.136012,2.414119,2.925639,3.618911,3.351863,3.032567,3.652543,2.842181,2.669725,2.854814,2.817376,2.848351,3.225262,2.996096,2.794480,2.943054,3.354473,3.028238,2.807746,3.434962,2.971575,3.544092,3.286522,2.944857,2.960179,3.413771,3.267924,3.509959,3.339564,3.253612,3.536263,3.437501,3.280281,3.484245,3.218202,
3.102814,3.185446,3.535513,4.518313,3.752478,3.140013,3.611796,3.864289,4.140326,3.414384,3.480823,3.226536,3.586106,3.301877,4.174843,3.446770,3.590292,3.563373,3.043212,3.292988,3.284070,1.518020,2.539829,2.401377,3.291399,2.481862,2.260982,2.498352,2.880047,2.427662,2.741642,3.039976,3.387828,2.844178,2.954870,3.126919,2.818491,3.256327,3.137570,3.352850,3.240818,2.721798,2.912192,2.745531,3.295975,2.638446,2.899506,3.035068,3.022132,3.187833,2.770991,2.274196,3.411277,2.952198,2.954924,2.829046,3.058993,3.122287,2.860161,3.566426,3.278378,2.716937,3.055473,3.404723,3.257854,3.851254,3.483275,2.914032,
3.660511,3.269068,3.225375,4.835622,4.086532,3.138582,3.664082,3.919561,4.339721,3.734276,3.673688,2.819034,4.643031,3.852625,4.900779,3.020660,3.831165,3.730182,2.861802,2.859800,1.522360,3.278211,2.403496,3.283897,3.267277,2.410603,2.409510,2.411191,3.229030,3.297359,3.304954,2.405266,3.248818,2.912907,2.545897,3.990919,3.020771,2.765617,3.286025,3.308330,2.760994,3.120264,2.524353,2.849466,2.868459,2.690233,2.761328,3.299427,2.873920,3.568387,3.072156,3.190569,2.772172,2.883339,2.753904,3.202959,3.222286,3.119122,3.769582,2.839105,3.308150,3.115618,3.043329,3.279732,2.712726,3.040470,3.292668,3.500514,
3.107609,2.692130,3.126826,4.032972,3.209583,2.946138,3.214444,3.321212,3.547192,3.263870,3.310645,2.649815,3.813476,3.355897,3.630576,3.186907,3.066340,3.515914,2.410283,2.839990,2.172583,2.402839,2.253503,2.281977,2.648174,2.647451,1.755212,2.286848,2.849989,2.409094,3.287741,2.702410,2.879154,3.158990,2.675798,2.880448,2.833477,2.999043,2.733264,2.961269,2.858216,2.318185,2.749066,2.512409,2.683688,2.652862,2.662606,2.103762,2.440225,2.675828,2.502786,2.746820,2.803117,2.525738,2.621743,2.973706,2.630104,2.715476,3.103899,3.171227,2.865658,2.834727,2.819562,3.020689,2.474014,2.994064,3.345845,2.955685,
3.221232,3.046724,3.129136,4.156908,3.438251,3.428818,3.821374,3.399317,3.799351,3.634545,3.509207,3.288933,4.103693,3.504503,3.893231,3.532174,3.418049,3.524072,2.403831,2.851124,1.995119,1.953860,2.451385,2.754564,2.221692,2.033019,2.090082,2.027185,2.955134,2.908025,3.625551,2.856683,3.264850,3.014620,2.698494,2.760965,3.095843,3.337378,2.754010,3.252931,3.038827,2.353065,2.764993,2.486386,3.003190,3.016171,2.935793,2.110575,2.780106,2.942727,2.995418,2.635924,3.212435,2.890625,3.166928,3.218893,2.740918,3.138536,3.736754,3.335463,3.575444,3.033669,3.071780,3.659995,3.051678,3.435382,3.899073,3.543524,
4.640312,3.430397,3.537421,4.739263,3.932729,3.411959,4.296243,4.118944,4.149497,4.001941,3.807709,3.336651,4.717667,4.309516,4.774738,4.253310,3.780673,4.482187,3.309644,3.299048,1.519138,3.288331,2.199534,3.286488,1.502293,3.625260,2.108891,2.489821,4.149494,2.882595,4.044177,3.161305,3.561513,3.867651,3.106910,3.175495,3.537920,3.611420,3.799004,3.787665,3.396413,2.757092,3.323828,2.728088,3.293808,3.347859,3.134750,2.566869,2.703590,3.880267,3.376240,3.446205,3.090440,3.123533,3.295723,3.818985,3.112337,3.188323,4.287032,3.561070,4.011964,3.617735,3.522466,3.294791,3.558841,2.869270,3.447028,3.401466,
3.587135,3.028101,3.462686,4.523532,3.646686,2.966088,3.385067,3.769338,3.457158,3.456521,3.132378,2.700580,4.051014,3.507885,3.861628,3.538013,3.270688,3.673875,2.850250,2.844805,2.395057,2.846625,2.449300,1.974645,1.841377,2.812928,1.762092,2.510149,3.304560,2.443077,3.497537,2.850081,3.108032,2.949128,2.857645,3.157092,3.474630,3.130711,3.064329,3.503673,2.988219,2.619321,3.101958,2.792776,2.749935,2.983384,2.916393,2.561220,2.367136,3.473078,2.849279,3.049204,3.315538,2.878474,3.014144,2.935864,2.826868,3.107142,2.906693,3.438911,3.165149,2.929712,3.249015,3.219625,3.057445,3.317407,3.382195,2.838891,
3.860076,3.243948,3.350888,4.628697,3.586396,3.578487,4.083311,3.729829,4.028306,3.958955,3.493509,3.093573,4.675004,3.936850,4.319264,3.676760,3.725070,4.091618,3.291536,2.861303,1.509520,3.289750,2.529456,2.431942,1.500926,2.487859,1.934683,2.386618,3.481065,3.295073,3.380840,2.909619,3.127737,3.632217,3.223176,3.321349,3.271204,3.119576,3.079496,3.459991,2.858267,3.353684,2.660832,3.296779,3.070337,3.615851,2.604085,2.733251,2.898708,3.675722,2.866945,3.498514,3.289160,2.872765,3.531550,3.545982,3.046961,3.333278,4.170741,3.691773,3.564610,3.550948,3.264112,3.271083,3.217988,3.375468,3.700102,3.405898,
4.614651,3.538489,3.569867,5.010670,4.254675,3.547054,4.392795,4.317798,4.474206,4.231187,3.556341,3.284301,4.734007,4.236803,4.881204,3.965768,4.464579,4.568546,3.293829,2.856563,1.510585,3.286798,2.649959,3.278093,1.498468,2.840591,2.441222,2.440571,3.888090,2.867459,4.118831,3.073277,3.780966,3.431446,2.856638,3.707234,3.835269,3.336845,3.791940,4.032952,3.303163,2.738510,3.312797,3.212293,2.942434,3.552733,3.466621,2.887759,3.050451,4.311475,3.525189,3.680286,3.771681,3.275146,3.411249,3.817588,3.664964,3.504168,4.501087,3.606447,4.197992,3.445950,3.919363,3.883661,3.896991,3.697053,3.888694,3.668536,
4.819897,3.682222,4.378482,6.000000,4.632534,4.649160,5.085709,4.768895,4.896768,4.753300,3.929178,4.103754,5.089270,4.978545,5.415772,4.569622,4.930993,4.836779,3.564228,2.873057,2.720569,3.309006,3.209766,3.237906,2.667131,3.362037,2.585352,2.759480,3.839313,3.283071,4.728624,3.784820,4.002769,3.942292,3.788613,3.895977,3.680759,4.409158,3.940189,4.483755,3.929052,2.918323,3.854045,4.000479,3.765949,4.056851,3.979624,3.198090,3.255683,4.657202,3.904224,3.919897,4.266524,3.793931,3.500968,3.969926,3.791039,3.907581,4.497799,4.193534,4.407650,4.492409,4.339472,4.666813,3.994322,4.509692,4.803640,4.335124,
3.492525,2.974255,3.534442,4.411260,3.955693,3.476667,3.823856,4.056428,3.569419,4.086801,3.801670,3.180251,4.315294,4.076894,4.157019,3.784961,3.568760,3.529409,2.886439,2.856605,1.499363,2.843525,2.279611,2.414931,1.502059,2.539130,2.161819,2.338122,3.273636,3.292555,3.186513,3.263822,2.997391,3.382797,3.198326,3.005811,3.329912,2.798474,3.462285,3.671403,2.719546,2.959285,2.821087,2.751877,2.986762,3.141752,3.049100,2.376717,2.616868,3.606714,2.449561,2.970924,3.280817,3.007617,2.978786,3.141864,2.925251,3.106898,4.012977,2.941919,3.456912,3.123383,3.298907,3.540847,3.705971,3.215993,3.258420,3.681513,
4.225224,4.022917,3.794297,5.060083,4.413075,3.786982,4.445217,4.696047,4.089900,4.241524,3.949954,3.776109,3.920130,4.616724,4.845652,4.271103,4.165204,4.015829,3.618923,3.311794,2.547415,2.726429,3.172993,3.468404,2.258512,3.592085,3.473130,2.631072,3.721142,3.520991,3.936596,3.185713,3.310099,3.379686,3.090838,2.993112,3.513545,3.767669,3.646074,4.042264,3.488821,2.877924,3.541646,3.194416,3.135745,3.473254,3.569269,2.808189,3.230333,3.937228,3.480572,3.120196,3.696199,3.344393,3.697315,3.556033,3.382154,3.341244,4.103702,3.128419,4.118325,3.648956,3.827159,4.283175,3.911244,3.595660,3.921330,3.843125,
3.464301,3.376890,3.519155,4.636234,3.937037,3.577799,4.119126,3.973817,3.980836,3.838930,3.475559,3.259509,3.919342,4.096679,4.265082,3.764267,4.090381,3.663544,2.839215,2.860690,2.539884,2.617486,3.028084,2.988229,2.503201,2.679576,2.655696,2.705279,3.128733,3.187651,3.754956,3.012774,3.351062,3.067473,3.071708,2.976850,3.627642,3.633887,2.942212,3.377040,2.878836,2.513424,2.958524,3.219380,2.773088,3.228257,2.862303,2.222903,3.239167,3.321592,3.172216,2.634127,3.266914,3.137585,3.214387,3.573013,3.266952,3.017359,3.673082,3.276678,3.566457,3.134291,3.307167,3.684592,3.402798,3.534221,3.724415,3.588115,
3.766897,3.344351,3.156801,4.500643,3.739878,3.092963,3.848854,3.513124,3.921806,3.692148,3.023693,3.088810,3.635958,3.633085,3.995593,3.805083,3.696693,4.172004,3.297353,2.849500,2.215824,2.579577,2.960467,2.355081,1.899984,2.809122,2.368025,2.219034,3.250392,2.420360,3.510691,2.710492,3.265597,3.084204,2.809612,2.994997,3.329638,3.239386,3.222406,3.431055,3.309353,2.821995,3.300855,2.665242,2.815301,3.151329,3.141910,2.404892,2.687913,3.502904,2.916177,3.238059,3.490150,3.094624,3.355985,3.323655,3.111036,3.065362,3.625105,3.496488,3.261693,3.118496,3.615462,3.676125,3.204119,3.669494,3.905648,2.784848,
4.334369,3.856600,4.046236,5.507752,4.358809,3.687501,4.803765,4.774936,4.500865,4.310635,3.857858,3.672793,4.884539,4.534844,5.045842,4.268442,4.409665,4.356695,3.490972,3.464487,2.665796,3.300810,2.646152,3.182086,2.460857,2.864422,3.036917,2.790766,4.135481,3.554987,3.757508,3.198432,3.595407,3.740325,3.605342,3.477107,3.550122,3.733932,3.731466,4.035995,3.833998,3.318684,3.417269,3.276922,3.726300,3.641413,3.393841,3.098849,3.562338,4.129724,3.465396,3.355722,3.705115,3.396971,3.861570,3.923613,3.462412,3.726790,4.342858,4.047872,4.316976,3.707898,3.791352,3.900831,3.837226,3.865612,4.412356,3.954389,
3.425592,3.516775,3.227151,4.514027,3.414512,3.527381,3.954744,3.889296,3.738069,3.655911,3.541725,3.238195,3.743775,3.947490,4.129473,3.509816,3.676013,3.461283,3.245869,2.868043,2.392518,1.970036,2.840380,2.551824,1.946978,2.855279,2.270145,2.841119,3.294849,3.301698,3.470762,2.895968,3.371172,3.186244,2.801380,2.750053,3.524930,3.776378,3.207370,3.614222,3.085604,2.894174,2.713352,2.851955,3.230657,3.107960,2.880606,2.710650,2.850717,3.391944,3.102563,2.727293,3.471770,3.020145,3.700098,3.559466,3.033333,3.092676,3.620711,3.652853,3.339107,3.361467,3.361993,3.873650,3.531277,3.550669,3.755368,3.041326,
3.748360,3.396435,3.718406,4.976492,4.234387,3.234148,3.953877,4.566236,4.351904,3.741376,3.668390,3.207575,4.163748,4.022721,4.474023,3.694736,3.992039,3.869502,2.942275,3.297666,2.391362,2.404032,1.957325,3.033068,2.445465,2.985324,2.515311,2.896717,3.736542,2.860605,3.333850,3.102316,3.617073,3.471627,2.930533,3.452973,3.530389,3.439356,3.541321,3.975855,3.284447,2.818418,3.187403,2.898193,3.109874,2.918112,3.126656,2.922296,3.166196,3.658205,3.135648,2.551573,3.247873,2.979867,3.058527,3.611946,3.490418,2.743976,3.642062,3.490076,3.829825,3.190514,3.523242,3.378006,3.865916,3.330135,3.596784,3.479971,
2.771965,2.834400,2.812155,3.623772,2.995408,2.562570,3.012678,3.136520,3.123319,2.763834,2.557674,2.535162,2.941275,2.976818,3.256304,2.988631,2.626825,2.621617,2.794520,2.379755,2.353193,2.364518,2.378175,2.373449,2.356271,2.411628,2.387052,2.361764,2.427724,2.412170,2.397605,2.383994,2.411275,2.399122,2.386817,2.412305,2.396962,2.402855,2.401869,2.406430,2.408511,2.389021,2.405246,2.403271,2.412781,2.394681,2.385260,2.393705,2.406694,2.413673,2.386287,2.376813,2.395884,2.388429,2.406709,2.409412,2.406745,2.403623,2.410254,2.412731,2.405376,2.407557,2.404479,2.407211,2.401145,2.413651,2.418098,2.402694,
3.112286,3.138011,3.425814,4.093641,3.723314,3.045657,3.310192,3.624782,3.918905,3.201245,3.751314,2.886999,4.068631,3.541972,4.154671,3.135939,3.054871,3.505210,2.430986,3.290514,2.386543,1.964876,2.404412,2.851590,2.836467,2.397903,2.402300,2.403263,2.915008,3.279110,3.287497,2.890802,3.200640,3.084418,2.739700,3.078862,3.120911,3.385608,3.097844,3.030786,2.989885,2.867692,2.679699,2.399939,2.892539,3.029811,2.675582,2.663304,2.741716,3.040466,2.742344,2.574615,3.036310,2.805088,2.977811,3.066732,2.712302,3.113002,3.296596,3.300169,3.333878,3.117890,2.776698,3.047976,2.865641,3.224785,3.573474,3.515448,
3.545348,3.206802,3.633989,4.635160,4.023997,3.566125,4.029421,4.068135,4.182330,3.976628,4.005672,3.290516,4.350218,4.153445,4.511262,3.810673,4.078190,4.118015,2.717480,3.300334,2.345781,2.856073,2.848287,2.921391,2.256472,2.950269,2.136929,2.847136,3.492153,3.100739,4.156268,3.203804,3.341984,3.596773,3.229963,3.201713,3.759800,3.455149,2.967617,3.476428,3.020670,2.390471,3.179996,3.200324,2.675080,3.307195,2.791681,1.962372,3.254184,3.407025,3.023734,2.909700,3.290738,3.082207,3.387959,3.612181,3.342004,2.997442,3.864651,3.465490,3.700458,3.165484,3.441265,3.610058,3.359327,3.543773,3.655325,3.729985,
2.197865,1.881299,2.019749,2.698720,2.178830,2.205882,2.584727,2.393090,2.298498,1.955057,1.687461,2.000752,2.367284,2.343420,2.282202,2.260970,2.317127,2.549578,1.487559,1.500702,1.490160,1.506587,1.738227,2.035048,1.139189,1.832607,1.416442,1.492533,2.057098,1.496355,3.283260,1.864969,2.261941,2.007042,1.695580,1.967397,2.449325,2.536665,1.874207,2.269129,1.972415,1.000000,2.415567,1.825800,1.499137,2.333846,2.215121,1.263771,1.753818,2.183208,2.327539,2.101768,2.213384,1.893920,1.962610,2.531568,2.142268,1.734811,2.133368,2.075507,2.429152,2.181539,2.485691,2.433715,2.113416,2.108592,2.571232,1.990719,
3.605878,3.354072,2.969380,4.668485,3.851639,3.508696,3.652965,3.864829,3.891154,4.086904,4.022546,3.114507,3.959643,4.172014,4.167115,3.393286,3.363852,3.522141,3.290049,3.302640,1.515970,1.522789,2.479687,2.858250,3.276789,2.846384,2.272897,2.190098,3.131517,3.310102,3.063172,2.804700,3.195942,3.288525,2.780506,3.304540,2.816138,3.401643,3.380373,3.753206,2.956373,3.304606,2.572297,2.615282,3.402389,2.607336,2.954829,3.007856,2.390481,3.156693,3.074945,2.965229,3.239359,2.745000,3.115512,3.393048,2.961415,3.166786,3.894567,3.153003,3.422459,3.344141,2.948949,3.850666,3.102236,3.115577,3.852872,3.338142,
3.994265,3.686673,3.652573,5.289661,4.015645,4.153780,4.395969,4.483048,4.423949,4.310009,3.810087,3.367179,4.827070,4.578105,4.548502,4.195776,4.279143,3.885009,3.201177,3.302238,2.842272,2.858257,3.240907,2.860096,2.376690,2.746713,2.489784,2.807609,3.495721,3.073382,4.110809,3.175067,3.843400,3.578844,3.414248,3.354498,3.888235,3.850383,2.989923,4.144492,3.347879,2.918836,3.283665,3.811362,3.310748,3.820507,3.350628,2.686076,3.439780,3.666789,3.272961,3.038707,4.169837,3.260800,3.762849,3.856351,3.239647,3.623569,4.022430,4.110722,4.129244,3.516137,3.855549,4.215465,3.708633,4.056284,4.596133,3.616930,
4.244574,3.677701,3.613547,5.302576,4.290179,3.757634,4.405372,4.169539,3.983001,3.845920,3.208630,3.545594,4.416997,4.372577,5.010195,3.962921,4.467899,3.939889,3.153179,2.430921,2.216297,3.302053,2.875160,3.042408,1.841894,3.296834,2.594835,2.572719,3.559187,3.102414,4.026099,2.920855,3.617367,3.564078,3.335683,3.215880,3.628903,4.009637,3.782883,4.023611,3.495246,3.298098,3.499206,3.604359,3.011001,3.989419,3.147010,2.935996,2.762780,4.348373,3.540159,3.247464,3.455191,3.844569,3.246255,3.607781,3.481272,3.361664,4.085364,3.455510,3.743980,4.093701,3.698978,3.802094,3.694206,3.441643,3.951813,3.657958,
3.569981,3.199769,3.306422,4.433903,3.650943,3.376818,3.999291,3.990483,3.765559,3.792240,3.256285,3.067193,3.674310,4.128312,4.071929,3.672011,3.716329,3.644998,3.211415,2.862186,2.384715,2.851105,2.684315,2.848145,1.948474,2.806506,2.750795,2.617201,3.301098,3.242024,3.339264,2.848662,2.863619,3.209271,3.292872,2.858460,3.145300,3.205421,2.877793,3.374089,2.847087,2.647452,2.908132,3.162001,2.866715,3.148048,2.657586,2.396905,3.103387,3.509648,2.790839,2.772264,3.087860,2.622227,3.303260,3.426917,3.032562,2.803585,3.597317,3.114508,3.611927,3.229375,3.328761,3.325179,3.432248,3.171107,3.494731,3.300522,
3.827166,3.120832,3.157016,4.168058,3.301487,3.368263,4.092827,3.529795,3.721541,3.471942,3.104840,2.989616,3.638338,3.659156,4.131196,3.505647,4.019678,4.026168,2.927846,2.413368,1.733954,2.402009,2.400874,2.983258,1.942793,2.843452,2.375953,2.844446,3.431275,2.619218,3.590793,2.947466,3.245559,2.946269,2.595229,3.105732,3.506265,3.264107,3.211936,3.337635,3.144535,1.948788,2.913666,2.762056,2.839858,2.604367,2.890108,2.544553,2.921498,3.549062,3.205672,2.887072,3.093490,2.883503,2.973826,3.481664,3.372209,2.958669,3.507119,3.345592,3.793157,3.046403,3.314367,3.326617,3.411847,3.262673,3.444998,3.215252,
3.522082,3.201540,3.611396,4.830272,3.718212,2.960893,3.738021,4.191834,3.736086,4.161263,3.865324,3.089915,4.490152,3.718196,3.916597,3.717259,3.570126,3.782376,2.776930,3.295126,2.021963,2.847225,1.960778,2.085510,2.835077,2.934437,1.501945,2.156878,3.567421,2.698642,3.374150,2.850930,3.090857,3.366361,2.948150,3.048204,3.305504,3.263516,3.422650,3.821797,2.941330,3.004466,2.807240,2.738817,3.156125,2.798209,2.945948,2.403158,2.526986,3.129942,2.933696,2.829362,2.842809,2.595694,3.123691,3.437839,2.912337,2.985539,3.664252,3.278548,3.146538,2.850875,2.891888,3.500984,3.148755,3.078063,3.506607,3.243115,
3.191048,2.793098,2.987454,3.891786,3.352284,3.307298,3.595155,3.394748,3.682998,3.224383,2.971864,2.668779,3.922366,3.560240,3.635840,3.153894,3.247090,3.243145,2.406699,2.397754,1.501433,2.392305,2.391390,2.837400,1.500527,1.514442,2.388997,2.390619,2.857667,2.959546,3.247245,2.707568,3.040377,2.671495,2.620421,3.195670,3.175423,2.588978,2.356980,3.039005,2.403939,2.201479,2.353172,2.674552,2.508133,2.839401,2.705242,2.420764,2.856309,3.133199,2.734280,2.803405,3.227717,2.541653,2.896607,3.071262,2.747242,3.048319,3.415856,3.095751,3.802093,2.759165,3.202631,3.073308,3.037394,3.280151,3.429197,3.348118,
3.610422,3.146550,3.446488,4.359828,3.916814,3.183074,3.475683,3.776140,4.037021,3.694087,3.352124,2.993358,3.781246,3.604427,3.973193,3.544674,3.486671,3.821280,2.929643,3.294306,1.945994,2.404300,2.246056,2.591981,2.053527,2.618840,2.561299,2.268846,3.226648,2.862342,2.619138,2.946968,3.186074,3.258290,2.773058,3.098124,2.843438,3.242605,2.905956,3.299506,2.804532,3.022108,2.735430,2.868700,2.997783,2.915972,2.499553,2.669384,2.884462,3.340033,2.907794,2.663020,3.090035,2.767756,3.119013,3.126407,2.873519,2.771947,3.719050,3.370516,3.457325,3.129691,3.175185,3.044623,2.977592,3.243320,3.498612,3.123880,
3.725400,3.549723,3.760926,4.672870,3.756809,2.850186,3.295677,3.755148,4.141685,3.500213,3.031708,3.079024,4.139321,3.616400,3.791689,3.636818,3.548160,3.744034,2.589378,2.846002,2.832947,3.289146,3.006105,2.465846,2.846624,2.727954,2.168790,1.511933,2.649620,2.412869,3.780669,2.591349,3.140257,3.027807,2.413498,2.601601,3.024038,3.803162,2.913133,3.190790,2.656982,2.448647,2.863138,2.918205,2.600548,3.592638,3.266235,2.355109,2.682194,2.769555,3.421983,3.379402,3.233839,2.712282,2.894580,3.234339,2.550329,3.208965,3.531133,3.272817,3.119270,2.896508,2.890406,3.411491,2.404645,3.563154,3.651272,2.849058,
3.717440,3.035159,3.263198,4.596869,3.675257,3.421747,3.636566,3.634105,3.949538,3.614832,3.235298,3.123407,3.926724,4.036483,4.162194,3.464222,3.466383,3.397338,2.848488,2.419168,2.217590,2.500526,2.529031,2.852348,1.831580,2.651001,2.041121,2.576504,3.105736,2.994130,3.598730,2.879248,3.386150,3.215029,3.013773,3.041440,3.153871,3.497239,3.037503,3.582141,2.985901,2.555493,2.733287,2.796371,3.059402,2.957657,2.990090,2.606155,2.403897,3.529809,3.054334,2.921275,3.199735,2.901579,2.901031,3.185743,2.855916,2.948611,3.561115,3.415172,3.452333,3.467980,3.477962,3.548133,3.350853,3.418075,3.504915,3.327667,
3.874771,3.286941,3.269455,4.524230,3.819705,3.230813,4.175972,4.252011,3.935128,3.901448,3.602885,3.129874,3.980804,4.055668,4.520331,3.809234,4.003040,4.000162,3.305905,3.290752,2.392185,2.845679,2.544112,2.855337,1.504590,3.094013,2.400939,2.847858,3.939991,2.869748,3.798136,2.836804,3.307898,3.306760,3.150150,3.039699,3.519830,3.290209,3.303555,3.738275,3.253075,2.718778,3.368942,3.092557,2.934512,3.242020,2.823494,2.447467,3.191671,3.938353,3.032309,2.718969,3.367615,2.963661,3.834647,3.645143,3.280493,2.881486,3.754617,3.400607,3.666767,3.252701,3.634573,3.542141,3.739631,3.205988,3.585406,3.059760,
2.713041,2.543067,2.579218,3.262205,3.188747,2.482810,3.398470,3.430969,2.805984,3.119797,3.233020,2.299527,2.528352,2.987566,4.048690,2.869160,2.788352,3.263434,3.262593,3.255929,1.941183,1.951940,1.956164,2.848877,1.945164,2.844592,3.280397,2.846353,3.300421,3.270454,1.506239,2.403077,2.404523,2.406970,2.862594,2.845719,2.398265,1.953998,2.881129,2.318709,2.849145,2.849444,2.398518,1.958006,2.854968,1.506729,1.505502,2.411174,2.848876,3.298639,1.506637,1.517099,1.959631,2.396819,2.783518,2.407076,2.800282,2.080537,2.776636,2.330361,2.640991,2.385862,2.937155,2.544205,2.980066,2.233153,2.202733,2.833621,
4.112391,3.726042,3.630612,4.941902,3.716903,4.178385,4.034881,4.025959,4.199483,3.833322,3.656474,3.589615,4.567885,4.314822,4.418912,4.062359,3.628853,3.583439,3.304480,2.865207,2.552865,2.821961,2.753262,2.832544,2.109491,3.086327,2.526856,2.766011,3.321118,3.169522,3.788547,3.258451,3.354351,3.654389,3.047529,3.037259,3.286016,3.710140,3.088670,4.006131,3.558512,2.967963,3.251982,3.458694,3.408139,3.759194,3.572386,3.155335,2.967953,3.504631,3.256192,3.252845,3.839411,3.186802,3.339209,3.255753,2.875583,3.440594,3.662370,3.760799,3.965472,4.042122,3.460442,3.683908,3.548371,3.561939,4.189014,3.729009,
3.640191,2.945009,2.967013,4.701312,4.163349,3.981503,4.020262,3.578733,4.343420,3.755950,3.666671,3.232099,4.173450,4.311922,4.622534,3.728465,3.619445,3.947599,3.300096,2.866574,1.509614,1.966312,2.615750,3.296029,1.942019,2.347693,2.428830,2.718125,3.107633,3.303738,3.644863,3.193352,3.351899,3.659660,3.297283,3.772799,3.017993,2.919303,2.892300,3.536102,2.997351,2.627523,3.229787,2.772200,3.059524,2.961832,2.951458,2.739399,2.867588,3.556379,2.870297,3.377657,3.642883,3.154150,3.060737,3.410500,3.434210,3.073199,3.975628,3.339602,4.035992,3.560371,3.696503,3.623466,3.492433,3.483010,3.765506,3.523517,
4.020670,3.370438,3.104276,4.295899,3.572283,3.781598,4.028891,4.095146,3.792393,3.991535,3.876302,2.983382,4.382465,4.181983,4.282000,3.647069,3.458698,3.842365,3.304150,3.301708,1.509953,1.967419,2.402682,3.292071,1.573368,2.778280,2.567871,2.787969,3.681024,3.533303,3.532482,3.255936,3.415363,3.333666,2.871821,3.293034,3.765240,3.239469,3.240094,3.702866,3.265571,2.575633,2.793883,2.817198,3.246819,3.095853,2.972988,2.733431,2.983515,3.632940,2.953529,3.003049,3.612323,2.725295,3.341790,3.539893,3.169523,3.337122,3.878673,3.634587,4.267778,3.291915,3.370087,3.540458,3.969208,3.158178,3.782181,3.894493,
4.258530,3.788885,3.819931,5.187224,4.042960,4.272129,4.389664,4.172212,4.429037,4.046312,3.986921,3.770830,4.537607,4.649433,4.859563,4.106517,4.206625,4.241511,3.308997,2.867138,1.745895,2.779798,2.812793,3.191226,2.168447,3.403353,2.680959,2.741018,3.531573,3.503809,3.830056,3.396663,3.595732,4.140442,3.077764,3.303085,3.431477,3.994768,3.636633,4.058226,3.438126,3.073318,3.091545,3.233984,3.463806,3.550019,3.470028,3.040105,2.975457,3.748526,3.398374,3.601857,3.685572,3.462247,3.353000,3.800220,3.327969,3.454773,4.592139,3.812441,4.142939,4.155420,3.833215,4.103473,3.555394,3.822929,4.172504,3.910353,
3.506416,3.336991,3.415527,4.342191,3.541377,3.222206,3.681421,3.906157,3.784001,3.722281,3.608136,3.060752,4.156561,4.008417,4.089821,3.639136,3.537423,3.366864,2.854047,2.863695,2.193280,3.298687,2.530109,2.719476,1.847881,2.693381,2.518442,2.549278,3.225655,3.252588,3.306063,2.770152,2.857899,3.426622,2.998872,2.671813,3.171173,2.965303,2.967436,3.415159,2.822303,2.799341,2.717131,2.946272,2.823634,3.215729,2.876213,2.382765,2.970457,3.157648,2.624773,2.862444,3.052261,2.682185,3.291177,3.257500,2.737896,3.009138,3.863409,3.081885,3.453998,3.099658,3.122230,3.292973,3.233414,3.118169,3.362338,3.400123,
3.592368,3.057056,2.859032,4.198901,3.352761,3.475965,3.276200,3.468718,3.932825,3.752097,3.428579,2.952821,4.009620,3.811470,3.707335,3.590804,2.859426,3.294912,2.993236,3.284724,1.948898,2.402408,2.453881,2.852249,1.421682,2.452491,2.241233,2.504975,3.170474,2.984904,3.110195,2.818744,2.968584,3.496477,2.811534,2.782007,2.681271,2.934145,1.953769,3.198545,2.802193,2.402726,2.699499,2.837077,3.054424,2.872000,2.417497,2.262099,2.744465,2.812305,2.902364,2.928770,3.217236,2.353496,3.491580,2.986024,2.410381,2.777544,3.639773,3.461712,3.658803,3.097248,3.209391,3.092205,2.706668,2.926651,3.508511,2.969522,
3.449040,2.955461,3.067209,4.150800,3.401908,3.243518,3.460359,3.289479,3.709713,3.598336,3.447182,3.111083,3.649805,4.108075,3.592443,3.504673,3.317208,3.518427,2.683956,2.855121,1.947617,2.398444,2.372168,2.416036,2.389368,2.698345,2.037560,2.355885,3.096793,2.841764,3.403797,2.794577,2.636106,3.556083,3.142423,2.601026,2.776572,3.213998,2.746380,3.400009,3.013173,2.484743,2.780165,2.580867,2.937147,2.832558,2.886244,2.099244,2.537971,2.899476,2.762237,3.006174,2.997293,2.534725,2.998488,3.253163,2.557461,2.806504,3.592848,3.259490,3.568684,3.290473,2.955095,3.157063,2.883415,3.120957,3.813379,3.217804,
